sequence_r	frequencies_whole
ACA	0.03958010982287874
ACC	0.024167755216468467
ACG	0.005478392024360937
ACT	0.03170025627405705
ATA	0.038004183413081705
ATC	0.026261764519770865
ATG	0.03567872872166522
ATT	0.04675432444683374
CCA	0.03858025329208416
CCC	0.028949099793111215
CCG	0.006517880308919052
CCT	0.03744262386299067
CTA	0.024894185871270173
CTC	0.03550214006664194
CTG	0.042637909841617624
CTT	0.03904444067820425
GCA	0.02968498598338587
GCC	0.02625901980245733
GCG	0.005618173048535976
GCT	0.029213885085859752
GTA	0.02183063103602465
GTC	0.019425519988314502
GTG	0.03132318101231184
GTT	0.02834795550573137
TCA	0.03875186655927074
TCC	0.03211044785097912
TCG	0.004884570814122524
TCT	0.0437282051735767
TTA	0.03890817126228607
TTC	0.038284235477579504
TTG	0.036956028425015504
TTT	0.07347907482059277
